"CERT","CHCLASS1","CITYST","COST","FAILDATE","FIN","NAME","QBFASSET","QBFDEP","RESTYPE","RESTYPE1","SAVR"
30570,"SA","CHICAGO, IL",60511,"12/15/17","10530","WASHINGTON FEDERAL BANK FOR SAVINGS",166345,143964,"FAILURE","PA","DIF"
17719,"NM","ARGONIA, KS",2595,"10/13/17","10529","THE FARMERS AND MERCHANTS STATE BANK OF ARGONIA",33012,27466,"FAILURE","PA","DIF"
1802,"SM","SAINT ELMO, IL",9015,"05/26/17","10528","FAYETTE COUNTY BANK",34370,33972,"FAILURE","PA","DIF"
30003,"SA","MILWAUKEE, WI",143423,"05/05/17","10527","GUARANTY BANK",1031900,1002026,"FAILURE","PA","DIF"
58302,"NM","NEW ORLEANS, LA",826903,"04/28/17","10526","FIRST NBC BANK",3325870,3032208,"FAILURE","PA","DIF"
35495,"NM","COTTONWOOD HEIGHTS, UT",11763,"03/03/17","10525","PROFICIO BANK",68208,65042,"FAILURE","PA","DIF"
19328,"NM","CHICAGO, IL",55465,"01/27/17","10524","SEAWAY BANK AND TRUST COMPANY",297809,256505,"FAILURE","PA","DIF"
34951,"NM","PENNSVILLE, NJ",22689,"01/13/17","10523","HARVEST COMMUNITY BANK",124223,122177,"FAILURE","PA","DIF"
91,"SM","MULBERRY, AR",8098,"09/23/16","10522","ALLIED BANK",66336,64713,"FAILURE","PA","DIF"
11297,"NM","WOODBURY, GA",4915,"08/19/16","10521","THE WOODBURY BANKING COMPANY",21426,21122,"FAILURE","PA","DIF"
35312,"NM","KING OF PRUSSIA, PA",11544,"05/06/16","10520","FIRST CORNERSTONE BANK",103307,101040,"FAILURE","PA","DIF"
9956,"NM","MEMPHIS, TN",10924,"04/29/16","10519","TRUST COMPANY BANK",18998,20148,"FAILURE","PA","DIF"
20364,"NM","MILWAUKEE, WI",11633,"03/11/16","10518","NORTH MILWAUKEE STATE BANK",67115,61493,"FAILURE","PA","DIF"
35259,"NM","PEACHTREE CITY, GA",28158,"10/02/15","10516","THE BANK OF GEORGIA",286102,264234,"FAILURE","PA","DIF"
35156,"N","LONGVIEW, WA",995,"10/02/15","10517","HOMETOWN NATIONAL BANK",3785,3705,"FAILURE","PA","DIF"
34112,"SM","DENVER, CO",1218,"07/10/15","10515","PREMIER BANK",26760,25480,"FAILURE","PA","DIF"
57772,"NM","CHICAGO, IL",20788,"05/08/15","10514","EDGEBROOK BANK",90034,90007,"FAILURE","PA","DIF"
33938,"NM","ATLANTA, GA",99535,"02/13/15","10512","CAPITOL CITY BANK & TRUST COMPANY",272311,262652,"FAILURE","PA","DIF"
20290,"NM","CHICAGO, IL",4743,"01/23/15","10511","HIGHLAND COMMUNITY BANK",54727,53453,"FAILURE","PA","DIF"
17557,"N","CRESTVIEW, FL",6329,"01/16/15","10510","FIRST NATIONAL BANK OF CRESTVIEW",73804,73199,"FAILURE","PA","DIF"
34983,"NM","MANKATO, MN",3946,"12/19/14","10509","NORTHERN STAR BANK",18794,18221,"FAILURE","PA","DIF"
34738,"SA","PALM DESERT, CA",2905,"11/07/14","10508","FRONTIER BANK, FSB",80736,76344,"FAILURE","PA","DIF"
916,"N","CHICAGO, IL",56963,"10/24/14","10507","THE NATIONAL REPUBLIC BANK OF CHICAGO",843118,809638,"FAILURE","PA","DIF"
4862,"SM","RISING SUN, MD",19837,"10/17/14","10506","NBRS FINANCIAL BANK",155353,151559,"FAILURE","PA","DIF"
28462,"SA","CHICAGO, IL",18412,"07/25/14","10505","GREENCHOICE BANK, FSB",70286,68722,"FAILURE","PA","DIF"
58125,"NM","CONYERS, GA",38334,"07/18/14","10504","EASTSIDE COMMERCIAL BANK",173946,166875,"FAILURE","PA","DIF"
12483,"NM","FREEDOM, OK",3734,"06/27/14","10503","THE FREEDOM STATE BANK",22816,20855,"FAILURE","PA","DIF"
21793,"NM","FORT LANDERDALE, FL",6045,"06/20/14","10501","VALLEY BANK",81843,66541,"FAILURE","PA","DIF"
10450,"NM","MOLINE, IL",56897,"06/20/14","10502","VALLEY BANK",456442,359953,"FAILURE","PA","DIF"
32368,"SA","BEL AIR, MD",10954,"05/30/14","10500","SLAVIE FEDERAL SAVINGS BANK",140063,111142,"FAILURE","PA","DIF"
32284,"SB","CINCINNATI, OH",7224,"05/23/14","10499","COLUMBIA SAVINGS BANK",36484,29538,"FAILURE","PA","DIF"
57866,"NM","BERWYN, IL",21715,"05/16/14","10498","AZTECAMERICA BANK",66309,65031,"FAILURE","PA","DIF"
15062,"NM","FAIRFAX, SC",22981,"04/25/14","10497","ALLENDALE COUNTY BANK",49498,49356,"FAILURE","PA","DIF"
35096,"N","STERLING, VA",11191,"02/28/14","10495","MILLENNIUM BANK, NATIONAL ASSOCIATION",130305,121704,"FAILURE","PA","DIF"
58531,"NM","HORSHAM, PA",8956,"02/28/14","10496","VANTAGE POINT BANK",63453,62472,"FAILURE","PA","DIF"
34296,"NM","BOISE, ID",3487,"01/31/14","10494","SYRINGA BANK",153361,145813,"FAILURE","PA","DIF"
17967,"NM","EL RENO, OK",97134,"01/24/14","10493","THE  BANK OF UNION",317172,315843,"FAILURE","PA","DIF"
5732,"N","WEST CHICAGO, IL",1530,"01/17/14","10492","DUPAGE NATIONAL BANK",53524,51878,"FAILURE","PA","DIF"
57431,"N","THE WOODLANDS, TX",14223,"12/13/13","10491","TEXAS COMMUNITY BANK, NATIONAL ASSOCIATION",159257,142640,"FAILURE","PA","DIF"
14794,"NM","GRACEVILLE, FL",5849,"10/30/13","10490","BANK OF JACKSON COUNTY",24724,24591,"FAILURE","PA","DIF"
57041,"NM","BRIDGEPORT, CT",9211,"09/13/13","10489","THE COMMUNITY'S BANK",26368,25715,"FAILURE","PO","DIF"
14318,"N","EDINBURG, TX",650837,"09/13/13","10488","FIRST NATIONAL BANK",3085764,2338335,"FAILURE","PA","DIF"
19849,"NM","PARSONS, TN",131356,"08/23/13","10486","COMMUNITY SOUTH BANK",386908,377672,"FAILURE","PA","DIF"
34707,"NM","PHOENIX, AZ",15391,"08/23/13","10487","SUNRISE BANK OF ARIZONA",202179,196924,"FAILURE","PA","DIF"
35016,"NM","WAUSAU, WI",13428,"08/09/13","10485","BANK OF WAUSAU",43564,40663,"FAILURE","PA","DIF"
34943,"NM","FORT MYERS, FL",24921,"08/02/13","10484","FIRST COMMUNITY BANK OF SOUTHWEST FLORIDA",247315,243618,"FAILURE","PA","DIF"
34789,"N","SEVIERVILLE, TN",33292,"06/07/13","10483","MOUNTAIN NATIONAL BANK",437282,373366,"FAILURE","PA","DIF"
58358,"NM","NORTH LAS VEGAS, NV",5664,"06/06/13","10482","1ST COMMERCE BANK",20152,19579,"FAILURE","PA","DIF"
35386,"NM","KENOSHA, WI",24203,"05/31/13","10478","BANKS OF WISCONSIN",134024,127590,"FAILURE","PA","DIF"
34527,"NM","SCOTTSDALE, AZ",5425,"05/14/13","10479","CENTRAL ARIZONA BANK",31550,30822,"FAILURE","PA","DIF"
58185,"NM","VALDOSTA, GA",17905,"05/10/13","10481","SUNRISE BANK",60793,57775,"FAILURE","PA","DIF"
58701,"NM","ASHEVILLE, NC",7943,"05/10/13","10480","PISGAH COMMUNITY BANK",21880,21246,"FAILURE","PA","DIF"
21649,"NM","DOUGLASVILLE, GA",94543,"04/26/13","10476","DOUGLAS COUNTY BANK",317288,315326,"FAILURE","PA","DIF"
57158,"NM","LENOIR, NC",16490,"04/26/13","10477","PARKWAY BANK",109642,104709,"FAILURE","PA","DIF"
58034,"NM","MARIANNA, FL",7920,"04/19/13","10473","CHIPOLA COMMUNITY BANK",37471,37067,"FAILURE","PA","DIF"
29594,"SA","LEXINGTON, KY",7767,"04/19/13","10474","FIRST FEDERAL BANK",92982,87196,"FAILURE","PA","DIF"
26680,"NM","ORANGE PARK, FL",25231,"04/19/13","10475","HERITAGE BANK OF NORTH FLORIDA",103960,106348,"FAILURE","PA","DIF"
58066,"SM","GOLD CANYON, AZ",8263,"04/05/13","10472","GOLD CANYON BANK",42125,41728,"FAILURE","PA","DIF"
16431,"NM","LAGRANGE, GA",73446,"03/08/13","10471","FRONTIER BANK",258840,224108,"FAILURE","PA","DIF"
22476,"NM","CHICAGO, IL",19576,"02/15/13","10470","COVENANT BANK",58422,54202,"FAILURE","PA","DIF"
57157,"NM","ANDOVER, MN",12229,"01/18/13","10469","1ST REGENTS BANK",49626,49147,"FAILURE","PA","DIF"
33997,"NM","UNIVERSITY PLACE, WA",22860,"01/11/13","10468","WESTSIDE COMMUNITY BANK",91935,91879,"FAILURE","PA","DIF"
27331,"NM","SUNRISE, MO",14350,"12/14/12","10467","COMMUNITY BANK OF THE OZARKS",42816,41881,"FAILURE","PA","DIF"
57928,"NM","BRASELTON, GA",39665,"11/16/12","10466","HOMETOWN COMMUNITYBANK",124561,108931,"FAILURE","PA","DIF"
3731,"N","PRINCETON, IL",32488,"11/02/12","10464","CITIZENS FIRST NATIONAL BANK",923959,869440,"FAILURE","PA","DIF"
35009,"NM","LUTZ, FL",75901,"11/02/12","10465","HERITAGE BANK OF FLORIDA",225477,223309,"FAILURE","PA","DIF"
27148,"SB","BERWYN, PA",90219,"10/26/12","10463","NOVA BANK",444710,395248,"FAILURE","PO","DIF"
19189,"NM","SEDALIA, MO",29246,"10/19/12","10460","EXCEL BANK",186113,173670,"FAILURE","PA","DIF"
28144,"SA","TAMARAC, FL",12370,"10/19/12","10461","FIRST EAST SIDE SAVINGS BANK",65686,64888,"FAILURE","PA","DIF"
58073,"NM","DESTIN, FL",43590,"10/19/12","10462","GULFSOUTH PRIVATE BANK",139391,131579,"FAILURE","PA","DIF"
20685,"NM","CRETE, IL",40498,"09/28/12","10459","FIRST UNITED BANK",328422,316877,"FAILURE","PA","DIF"
27316,"SM","ST. LOUIS, MO",39716,"09/14/12","10458","TRUMAN BANK",282338,245716,"FAILURE","PA","DIF"
35246,"NM","BLOOMINGTON, MN",65284,"09/07/12","10457","FIRST COMMERCIAL BANK",215867,206809,"FAILURE","PA","DIF"
28243,"SB","WAUKEGAN, IL",23518,"08/03/12","10456","WAUKEGAN SAVINGS BANK",83679,73001,"FAILURE","PA","DIF"
16240,"NM","JASPER, GA",50229,"07/27/12","10455","JASPER BANKING COMPANY",206672,204238,"FAILURE","PA","DIF"
57847,"NM","BUFORD, GA",25548,"07/20/12","10451","GEORGIA TRUST BANK",116890,114748,"FAILURE","PA","DIF"
32711,"NM","WOODSTOCK, GA",36215,"07/20/12","10450","FIRST CHEROKEE STATE BANK",209021,182114,"FAILURE","PA","DIF"
1361,"NM","LEAWOOD, KS",1179,"07/20/12","10452","HEARTLAND BANK",96002,89723,"FAILURE","PA","DIF"
27986,"SA","CHICAGO, IL",86252,"07/20/12","10453","SECOND FEDERAL SAVINGS AND LOAN ASSOCIATION OF CHICAGO",190891,171627,"FAILURE","PA","DIF"
57096,"NM","NAPLES, FL",16848,"07/20/12","10454","THE ROYAL PALM BANK OF FLORIDA",78771,78876,"FAILURE","PA","DIF"
1056,"NM","GLASGOW, MO",1396,"07/13/12","10449","GLASGOW SAVINGS BANK",22341,21809,"FAILURE","PA","DIF"
19498,"NM","AILEY, GA",70180,"07/06/12","10448","MONTGOMERY BANK & TRUST",153208,164181,"FAILURE","PA","DIF"
1690,"NM","LYNCHBURG, TN",33106,"06/15/12","10447","THE FARMERS BANK OF LYNCHBURG",163859,156402,"FAILURE","PA","DIF"
27405,"NM","PALATKA, FL",28769,"06/15/12","10445","PUTNAM STATE BANK",169489,160024,"FAILURE","PA","DIF"
35299,"NM","MARIETTA, GA",45583,"06/15/12","10446","SECURITY EXCHANGE BANK",150962,147896,"FAILURE","PA","DIF"
9257,"NM","SHABBONA, IL",10320,"06/08/12","10442","FARMERS' AND TRADERS' STATE BANK",43077,42302,"FAILURE","PA","DIF"
35372,"SA","CHARLESTON, SC",18655,"06/08/12","10441","CAROLINA FEDERAL SAVINGS BANK",54373,53082,"FAILURE","PA","DIF"
416,"NM","KINGFISHER, OK",8725,"06/08/12","10443","FIRST CAPITAL BANK",44448,44828,"FAILURE","PA","DIF"
34515,"SM","WHITEVILLE, NC",34238,"06/08/12","10444","WACCAMAW BANK",533114,472704,"FAILURE","PA","DIF"
35224,"N","SYLACAUGA, AL",10672,"05/18/12","10440","ALABAMA TRUST BANK, NATIONAL ASSOCIATION",51553,45149,"FAILURE","PA","DIF"
23156,"N","NORTH LAUDERDALE, FL",15098,"05/04/12","10439","SECURITY BANK, NATIONAL ASSOCIATION",101026,99067,"FAILURE","PA","DIF"
57766,"NM","GAITHERSBURG, MD",26694,"04/27/12","10435","HARVEST BANK OF MARYLAND",163019,145534,"FAILURE","PA","DIF"
31495,"SA","MAPLE GROVE, MN",79863,"04/27/12","10436","INTER SAVINGS BANK, FSB D/B/A/ INTERBANK, FSB",463840,458053,"FAILURE","PA","DIF"
23632,"N","PALM DESERT, CA",26331,"04/27/12","10437","PALM DESERT NATIONAL BANK",129253,129023,"FAILURE","PA","DIF"
26759,"SM","CAMBRIDGE, MD",61139,"04/27/12","10434","BANK OF THE EASTERN SHORE",162460,150951,"FAILURE","PO","DIF"
32503,"SA","PAWLEYS ISLAND, SC",83230,"04/27/12","10438","PLANTATION FEDERAL BANK",433512,415943,"FAILURE","PA","DIF"
35527,"SA","FORT LEE, NJ",12713,"04/20/12","10433","FORT LEE FEDERAL SAVINGS BANK, FSB",48861,47786,"FAILURE","PA","DIF"
33883,"NM","DEARBORN, MI",97281,"03/30/12","10432","FIDELITY BANK",818237,747640,"FAILURE","PA","DIF"
35419,"NM","WILMETTE, IL",70988,"03/23/12","10431","PREMIER BANK",268703,198953,"FAILURE","PA","DIF"
58068,"NM","ROCK SPRING, GA",31043,"03/23/12","10430","CONVENANT BANK & TRUST",95725,90632,"FAILURE","PA","DIF"
57597,"NM","CHICAGO, IL",18212,"03/09/12","10429","NEW CITY BANK",71202,72399,"FAILURE","PO","DIF"
34046,"NM","DORAVILLE, GA",41480,"03/02/12","10428","GLOBAL COMMERCE BANK",143678,116813,"FAILURE","PA","DIF"
5687,"NM","ELLAVILLE, GA",54523,"02/24/12","10426","CENTRAL BANK OF GEORGIA",278860,266589,"FAILURE","PA","DIF"
29178,"SA","LITTLE FALLS, MN",71249,"02/24/12","10427","HOME SAVINGS OF AMERICA",434111,432223,"FAILURE","PO","DIF"
23187,"N","HOFFMAN ESTATES, IL",18551,"02/10/12","10424","CHARTER NATIONAL BANK AND TRUST",93894,89485,"FAILURE","PA","DIF"
29761,"SA","SHELBYVILLE, IN",39616,"02/10/12","10425","SCB BANK",182561,171365,"FAILURE","PA","DIF"
19869,"SM","KNOXVILLE, TN",74064,"01/27/12","10420","BANKEAST",261947,259571,"FAILURE","PA","DIF"
34823,"NM","FOREST LAKE, MN",35346,"01/27/12","10422","PATRIOT BANK MINNESOTA",105029,102833,"FAILURE","PA","DIF"
35296,"NM","FRANKLIN, TN",350342,"01/27/12","10423","TENNESSEE COMMERCE BANK",1009154,1037716,"FAILURE","PA","DIF"
16579,"NM","JACKSONVILLE, FL",54383,"01/27/12","10421","FIRST GUARANTY BANK AND TRUST COMPANY OF JACKSONVILLE",397082,378309,"FAILURE","PA","DIF"
19252,"NM","STOCKBRIDGE, GA",196329,"01/20/12","10419","THE FIRST STATE BANK",516760,509065,"FAILURE","PA","DIF"
31581,"SA","BOOTHWYN, PA",4671,"01/20/12","10417","AMERICAN EAGLE SAVINGS BANK",19259,17548,"FAILURE","PA","DIF"
57186,"NM","BELLEVIEW, FL",13697,"01/20/12","10418","CENTRAL FLORIDA STATE BANK",71485,71080,"FAILURE","PA","DIF"
57917,"N","PHOENIX, AZ",41735,"12/16/11","10416","WESTERN NATIONAL BANK",162872,144491,"FAILURE","PA","DIF"
58343,"NM","CRESTVIEW, FL",25065,"12/16/11","10415","PREMIER COMMUNITY BANK OF THE EMERALD COAST",125976,112050,"FAILURE","PA","DIF"
19657,"NM","LACOMBE, LA",48824,"11/18/11","10413","CENTRAL PROGRESSIVE BANK",383132,347720,"FAILURE","PA","DIF"
14194,"NM","JOHNSTON, IA",16053,"11/18/11","10414","POLK COUNTY BANK",91580,81967,"FAILURE","PA","DIF"
57860,"NM","ROCKMART, GA",21387,"11/10/11","10412","COMMUNITY BANK OF ROCKMART",62383,55906,"FAILURE","PA","DIF"
19397,"NM","OMAHA, NE",11011,"11/04/11","10410","MID CITY BANK, INC.",106075,105461,"FAILURE","PA","DIF"
57087,"NM","SAINT GEORGE, UT",43575,"11/04/11","10411","SUNFIRST BANK",198081,169135,"FAILURE","PA","DIF"
57759,"NM","DES PLAINES, IL",13757,"10/28/11","10409","ALL AMERICAN BANK",34800,30542,"FAILURE","PA","DIF"
21132,"SM","GREENWOOD VILLAGE, CO",170467,"10/21/11","10405","COMMUNITY BANKS OF COLORADO",1280964,1239630,"FAILURE","PA","DIF"
57036,"NM","JONESBORO, GA",64965,"10/21/11","10406","COMMUNITY CAPITAL BANK",165291,157808,"FAILURE","PA","DIF"
57537,"NM","CLEARWATER, FL",28088,"10/21/11","10408","OLD HARBOR BANK",209048,212184,"FAILURE","PA","DIF"
34392,"NM","DECATUR, GA",25777,"10/21/11","10407","DECATUR FIRST BANK",184750,172042,"FAILURE","PA","DIF"
32347,"SB","ASHEVILLE, NC",44199,"10/14/11","10401","BLUE RIDGE SAVINGS BANK, INC.",161430,159628,"FAILURE","PA","DIF"
35395,"NM","ALEDO, IL",71996,"10/14/11","10402","COUNTRY BANK",195034,180835,"FAILURE","PA","DIF"
57256,"NM","GRAY, GA",88194,"10/14/11","10404","PIEDMONT COMMUNITY BANK",198993,178773,"FAILURE","PA","DIF"
58046,"NM","CRANFORD, NJ",45629,"10/14/11","10403","FIRST STATE BANK",191852,188099,"FAILURE","PA","DIF"
20115,"NM","ELLINGTON, MO",93109,"10/07/11","10400","SUN SECURITY BANK",351492,280649,"FAILURE","PA","DIF"
10216,"NM","WYOMING, MN",71255,"10/07/11","10399","THE RIVERBANK",419723,384120,"FAILURE","PA","DIF"
33513,"NM","PLANO, TX",58022,"09/30/11","10398","FIRST INTERNATIONAL BANK",239916,208775,"FAILURE","PA","DIF"
20408,"SM","NORFOLK, VA",243251,"09/23/11","10396","BANK OF THE COMMONWEALTH",985096,901845,"FAILURE","PA","DIF"
33983,"NM","NEVADA CITY, CA",40895,"09/23/11","10397","CITIZENS BANK OF NORTHERN CALIFORNIA",288765,253079,"FAILURE","PA","DIF"
25155,"N","MILTON, FL",75749,"09/09/11","10395","THE FIRST NATIONAL BANK OF FLORIDA",296841,280095,"FAILURE","PA","DIF"
58273,"NM","CUMMING, GA",54248,"09/02/11","10394","PATRIOT BANK OF GEORGIA",150751,140612,"FAILURE","PA","DIF"
58226,"NM","WOODSTOCK, GA",33845,"09/02/11","10393","CREEKSIDE BANK",102338,96583,"FAILURE","PA","DIF"
35356,"SA","PALM BEACH, FL",208370,"08/19/11","10392","LYDIAN PRIVATE BANK",1700117,1253835,"FAILURE","PA","DIF"
57212,"NM","GENEVA, IL",34064,"08/19/11","10390","FIRST CHOICE BANK",141016,137215,"FAILURE","PA","DIF"
57239,"N","STATESBORO, GA",22171,"08/19/11","10391","FIRST SOUTHERN NATIONAL BANK",164599,159673,"FAILURE","PA","DIF"
34130,"SB","HUNTINGDON VALLEY, PA",15828,"08/18/11","10389","PUBLIC SAVINGS BANK",46818,45770,"FAILURE","PA","DIF"
4744,"N","OLATHE, KS",103628,"08/12/11","10388","THE FIRST NATIONAL BANK OF OLATHE",538091,524290,"FAILURE","PA","DIF"
22637,"NM","SHOREWOOD, IL",29378,"08/05/11","10386","BANK OF SHOREWOOD",110723,104021,"FAILURE","PA","DIF"
22528,"SM","COLFAX, WA",104109,"08/05/11","10387","BANK OF WHITMAN",548570,515732,"FAILURE","PA","DIF"
4392,"N","EVANSVILLE, IN",88202,"07/29/11","10384","INTEGRA BANK NATIONAL ASSOCIATION",1994430,1693592,"FAILURE","PA","DIF"
58283,"SM","RICHMOND, VA",19851,"07/29/11","10385","VIRGINIA BUSINESS BANK",83493,72955,"FAILURE","PA","DIF"
58222,"N","COLUMBIA, SC",49181,"07/29/11","10383","BANKMERIDIAN, N.A.",232648,209737,"FAILURE","PA","DIF"
2994,"NM","GREELEY, CO",139508,"07/22/11","10380","BANK OF CHOICE",954106,818670,"FAILURE","PA","DIF"
35244,"SM","SARASOTA, FL",37389,"07/22/11","10381","LANDMARK BANK OF FLORIDA",266482,244362,"FAILURE","PA","DIF"
58056,"NM","APOLLO BEACH, FL",11403,"07/22/11","10382","SOUTHSHORE COMMUNITY BANK",41252,41434,"FAILURE","PA","DIF"
19554,"NM","STOCKBRIDGE, GA",72121,"07/15/11","10377","HIGH TRUST BANK",180340,177221,"FAILURE","PA","DIF"
34870,"NM","PORT SAINT LUCIE, FL",13110,"07/15/11","10376","FIRST PEOPLES BANK",225035,207621,"FAILURE","PA","DIF"
57442,"NM","PRESCOTT, AZ",14868,"07/15/11","10379","SUMMIT BANK",73066,67471,"FAILURE","PA","DIF"
58238,"NM","ATLANTA, GA",41539,"07/15/11","10378","ONE GEORGIA BANK",177715,158123,"FAILURE","PA","DIF"
34522,"NM","CASTLE ROCK, CO",254944,"07/08/11","10373","COLORADO CAPITAL BANK",665806,635202,"FAILURE","PA","DIF"
27935,"SM","CHICAGO, IL",196661,"07/08/11","10374","FIRST CHICAGO BANK & TRUST",896864,830530,"FAILURE","PA","DIF"
57835,"NM","WINDSOR, CO",23311,"07/08/11","10375","SIGNATURE  BANK",62518,60349,"FAILURE","PA","DIF"
57593,"NM","CLAYTON, GA",34480,"06/24/11","10372","MOUNTAIN HERITAGE BANK",103716,89554,"FAILURE","PA","DIF"
19237,"NM","JACKSON, GA",77581,"06/17/11","10371","MCINTOSH STATE BANK",339929,324403,"FAILURE","PA","DIF"
27583,"NM","TAMPA, FL",33477,"06/17/11","10370","FIRST COMMERCIAL BANK OF TAMPA BAY",98624,92641,"FAILURE","PA","DIF"
58420,"SA","CHARLESTON, SC",32486,"06/03/11","10369","ATLANTIC BANK AND TRUST",208204,191614,"FAILURE","PA","DIF"
23626,"NM","SNOHOMISH, WA",33596,"05/27/11","10368","FIRST HERITAGE BANK",173478,163303,"FAILURE","PA","DIF"
57647,"NM","FRANKLIN, GA",136658,"05/20/11","10366","FIRST GEORGIA BANKING COMPANY",730981,702231,"FAILURE","PA","DIF"
513,"NM","BURLINGTON, WA",24195,"05/20/11","10367","SUMMIT BANK",142729,131631,"FAILURE","PA","DIF"
57213,"NM","MACON, GA",281985,"05/20/11","10365","ATLANTIC SOUTHERN BANK",741855,707643,"FAILURE","PA","DIF"
34898,"SA","COCOA BEACH, FL",18527,"05/06/11","10364","COASTAL BANK",129429,123950,"FAILURE","PA","DIF"
57625,"NM","BROOKSVILLE, FL",17194,"04/29/11","10360","CORTEZ COMMUNITY  BANK",66282,65439,"FAILURE","PA","DIF"
34234,"NM","MOUNT CLEMENS, MI",98659,"04/29/11","10359","COMMUNITY CENTRAL BANK",451683,371494,"FAILURE","PA","DIF"
26297,"N","WINTER PARK, FL",42899,"04/29/11","10362","FIRST NATIONAL BANK OF CENTRAL FLORIDA",342079,308784,"FAILURE","PA","DIF"
58539,"NM","DALLAS, GA",105180,"04/29/11","10361","FIRST CHOICE COMMUNITY BANK",291196,294769,"FAILURE","PA","DIF"
19797,"SM","VALDOSTA, GA",235568,"04/29/11","10363","THE PARK AVENUE BANK",849409,724483,"FAILURE","PA","DIF"
19794,"NM","BIRMINGHAM, AL",183621,"04/15/11","10356","NEXITY BANK",757574,611681,"FAILURE","PA","DIF"
14273,"NM","CARTHAGE, MS",39071,"04/15/11","10354","HERITAGE BANKING GROUP",228328,205035,"FAILURE","PA","DIF"
21495,"NM","CARTERSVILLE, GA",85014,"04/15/11","10353","BARTOW COUNTY BANK",314019,290005,"FAILURE","PA","DIF"
57705,"NM","EAST ELLIJAY, GA",34708,"04/15/11","10355","NEW HORIZONS BANK",103055,99022,"FAILURE","PA","DIF"
17750,"SA","BIRMINGHAM, AL",316443,"04/15/11","10358","SUPERIOR BANK",2977290,2736201,"FAILURE","PA","DIF"
24099,"N","ROSEMOUNT, MN",5398,"04/15/11","10357","ROSEMOUNT NATIONAL BANK",21454,20980,"FAILURE","PA","DIF"
10086,"N","WESTERN SPRINGS, IL",38105,"04/08/11","10352","WESTERN SPRINGS NATIONAL BANK AND TRUST",186677,182441,"FAILURE","PA","DIF"
35418,"NM","LAS VEGAS, NV",39566,"04/08/11","10351","NEVADA COMMERCE BANK",135064,128573,"FAILURE","PA","DIF"
34292,"NM","WOOD DALE, IL",44183,"03/25/11","10350","THE BANK OF COMMERCE",163074,161379,"FAILURE","PA","DIF"
4077,"N","DAVIS, OK",32366,"03/11/11","10349","THE FIRST NATIONAL BANK OF DAVIS",90183,68331,"FAILURE","PA","DIF"
34818,"SM","MILWAUKEE, WI",75760,"03/11/11","10348","LEGACY BANK",190418,183309,"FAILURE","PA","DIF"
34187,"NM","ST. CHARLES, IL",28270,"02/25/11","10347","VALLEY COMMUNITY BANK",123774,124179,"FAILURE","PA","DIF"
151,"NM","CLARKESVILLE, GA",119380,"02/18/11","10345","HABERSHAM BANK",387681,339934,"FAILURE","PA","DIF"
34601,"NM","SPRINGFIELD, GA",48272,"02/18/11","10344","CITIZENS BANK OF EFFINGHAM",214275,206490,"FAILURE","PA","DIF"
57855,"NM","NAPA, CA",21310,"02/18/11","10343","CHARTER OAK BANK",120833,105309,"FAILURE","PA","DIF"
34783,"SA","SAN LUIS OBISPO, CA",72906,"02/18/11","10346","SAN LUIS TRUST BANK, FSB",332596,272216,"FAILURE","PA","DIF"
35478,"NM","PORT ORANGE, FL",32294,"02/11/11","10342","SUNSHINE STATE COMMUNITY BANK",125531,116715,"FAILURE","PA","DIF"
14939,"NM","HAMTRAMCK, MI",103063,"02/11/11","10341","PEOPLES STATE BANK",390524,389868,"FAILURE","PA","DIF"
13272,"NM","CASSVILLE, WI",19454,"02/11/11","10339","BADGER STATE BANK",83828,78549,"FAILURE","PA","DIF"
34692,"N","PALM SPRINGS, CA",15617,"02/11/11","10340","CANYON NATIONAL BANK",210859,205285,"FAILURE","PA","DIF"
35242,"NM","WATKINSVILLE, GA",48161,"02/04/11","10338","NORTH GEORGIA BANK",153172,139672,"FAILURE","PA","DIF"
57432,"NM","ROSWELL, GA",70463,"02/04/11","10336","AMERICAN TRUST BANK",238205,222161,"FAILURE","PA","DIF"
57948,"SM","CHICAGO, IL",10249,"02/04/11","10337","COMMUNITY FIRST BANK - CHICAGO",51083,49504,"FAILURE","PA","DIF"
2303,"NM","CAMARGO, OK",33590,"01/28/11","10335","THE FIRST STATE BANK",44546,41204,"FAILURE","PA","DIF"
5328,"NM","STOUGHTON, WI",28706,"01/28/11","10332","EVERGREEN STATE BANK",240949,193694,"FAILURE","PA","DIF"
12261,"SM","TAOS, NM",237381,"01/28/11","10333","FIRST COMMUNITY BANK",2188154,1847851,"FAILURE","PA","DIF"
57646,"NM","LOUISVILLE, CO",239907,"01/28/11","10334","FIRSTIER BANK",764090,718797,"FAILURE","PO","DIF"
31293,"SA","DENVER, CO",169572,"01/21/11","10331","UNITED WESTERN BANK",2153690,1535194,"FAILURE","PA","DIF"
19758,"NM","MCDONOUGH, GA",45584,"01/21/11","10329","ENTERPRISE BANKING COMPANY",99461,94591,"FAILURE","PO","DIF"
34516,"NM","ASHEVILLE, NC",45059,"01/21/11","10330","THE BANK OF ASHEVILLE",204925,199394,"FAILURE","PA","DIF"
57868,"NM","EASLEY, SC",45189,"01/21/11","10328","COMMUNITYSOUTH BANK AND TRUST",340986,314250,"FAILURE","PA","DIF"
57440,"NM","BRUNSWICK, GA",84066,"01/14/11","10327","OGLETHORPE BANK",211149,201369,"FAILURE","PA","DIF"
57820,"NM","SCOTTSDALE, AZ",32224,"01/07/11","10326","LEGACY BANK",136446,119685,"FAILURE","PA","DIF"
34965,"SM","ORLANDO, FL",88904,"01/07/11","10325","FIRST COMMERCIAL BANK OF FLORIDA",578638,537223,"FAILURE","PA","DIF"
35065,"N","ATLANTA, GA",96415,"12/17/10","10323","UNITED AMERICAS BANK",242339,244172,"FAILURE","PA","DIF"
34578,"NM","DAWSONVILLE, GA",83075,"12/17/10","10320","CHESTATEE STATE BANK",244376,244476,"FAILURE","PA","DIF"
19040,"N","CORAL GABLES, FL",30186,"12/17/10","10324","THE BANK OF MIAMI",448150,374218,"FAILURE","PA","DIF"
23306,"N","LINO LAKES, MN",5827,"12/17/10","10321","COMMUNITY NATIONAL BANK",31569,28916,"FAILURE","PA","DIF"
58052,"NM","BATESVILLE, AR",25382,"12/17/10","10322","FIRST SOUTHERN BANK",191764,172514,"FAILURE","PA","DIF"
58495,"SA","MCCAYSVILLE, GA",29116,"12/17/10","10319","APPALACIAN COMMUNITY BANK, F.S.B.",68201,76360,"FAILURE","PA","DIF"
35561,"NM","SOUTHAMPTON, PA",24057,"12/10/10","10317","EARTHSTAR BANK",112643,104505,"FAILURE","PA","DIF"
34673,"SM","FARMINGTON HILLS, MI",68586,"12/10/10","10318","PARAMOUNT BANK",252744,213550,"FAILURE","PA","DIF"
5287,"SM","BURLINGTON, WI",88163,"11/19/10","10315","FIRST BANKING CENTER",750724,664752,"FAILURE","PA","DIF"
20340,"NM","CARRABELLE, FL",44443,"11/19/10","10316","GULF STATE COMMUNITY BANK",112144,112193,"FAILURE","PA","DIF"
35078,"NM","BALA CYNWYD, PA",12652,"11/19/10","10314","ALLEGIANCE BANK OF NORTH AMERICA",106595,91996,"FAILURE","PA","DIF"
35463,"NM","SCOTTSDALE, AZ",54031,"11/12/10","10311","COPPER STAR BANK",203955,190182,"FAILURE","PA","DIF"
57831,"NM","TIFTON, GA",22500,"11/12/10","10313","TIFTON BANKING COMPANY",143729,141573,"FAILURE","PA","DIF"
14580,"NM","VIDALIA, GA",134592,"11/12/10","10312","DARBY BANK & TRUST COMPANY",654714,587626,"FAILURE","PA","DIF"
57885,"NM","WESTMINSTER, CA",14453,"11/05/10","10307","FIRST VIETNAMESE AMERICAN BANK",48000,47012,"FAILURE","PA","DIF"
58087,"NM","WOODLAND HILLS, CA",16943,"11/05/10","10310","WESTERN COMMERCIAL BANK",98635,101127,"FAILURE","PA","DIF"
31263,"NM","RANDALLSTOWN, MD",142372,"11/05/10","10308","K BANK",538258,500056,"FAILURE","PA","DIF"
34411,"SM","TACOMA, WA",26754,"11/05/10","10309","PIERCE COMMERCIAL BANK",221082,193473,"FAILURE","PA","DIF"
2119,"N","BARNESVILLE, GA",46897,"10/22/10","10304","THE FIRST NATIONAL BANK OF BARNESVILLE",126622,122880,"FAILURE","PA","DIF"
16089,"N","MAYWOOD, IL",44306,"10/22/10","10301","FIRST SUBURBAN NATIONAL BANK",143451,135475,"FAILURE","PA","DIF"
22173,"NM","OVERLAND PARK, KS",276004,"10/22/10","10302","HILLCREST BANK",1583611,1488785,"FAILURE","PA","DIF"
33904,"NM","GORDON, GA",11317,"10/22/10","10305","THE GORDON BANK",29259,26867,"FAILURE","PA","DIF"
27573,"NM","JACKSONVILLE, FL",15204,"10/22/10","10300","FIRST BANK OF JACKSONVILLE",73922,72198,"FAILURE","PA","DIF"
32582,"SA","SCOTTSDALE, AZ",32860,"10/22/10","10306","FIRST ARIZONA SAVINGS, A FSB",255920,190615,"FAILURE","PO","DIF"
32251,"SM","TAMPA, FL",34562,"10/22/10","10303","PROGRESS BANK OF FLORIDA",94823,86861,"FAILURE","PA","DIF"
58205,"NM","CHESTERFIELD, MO",22436,"10/15/10","10299","WESTBRIDGE BANK AND TRUST COMPANY",87782,70131,"FAILURE","PA","DIF"
30898,"SA","OLATHE, KS",55873,"10/15/10","10298","SECURITY SAVINGS BANK, F.S.B.",453349,347080,"FAILURE","PA","DIF"
34016,"NM","JEFFERSON CITY, MO",313065,"10/15/10","10297","PREMIER BANK",989382,869367,"FAILURE","PA","DIF"
35250,"NM","SHORELINE, WA",24233,"10/01/10","10295","SHORELINE BANK",92980,90644,"FAILURE","PA","DIF"
21777,"NM","CRAWFORDVILLE, FL",122015,"10/01/10","10296","WAKULLA BANK",402205,367228,"FAILURE","PA","DIF"
35053,"NM","ARLINGTON, WA",70800,"09/24/10","10294","NORTH COUNTY BANK",288776,276081,"FAILURE","PA","DIF"
58308,"NM","PONTE VEDRA BEACH, FL",34827,"09/24/10","10293","HAVEN TRUST BANK FLORIDA",148575,133561,"FAILURE","PA","DIF"
57448,"NM","DOUGLASVILLE, GA",101039,"09/17/10","10289","FIRST COMMERCE COMMUNITY BANK",248151,242831,"FAILURE","PA","DIF"
182,"NM","WINDER, GA",101852,"09/17/10","10292","THE PEOPLES BANK",447185,398181,"FAILURE","PA","DIF"
28612,"SB","WEST ALLIS, WI",90122,"09/17/10","10291","MARITIME SAVINGS BANK",350488,248134,"FAILURE","PA","DIF"
27808,"SB","MILFORD, OH",17928,"09/17/10","10288","BRAMBLE SAVINGS BANK",47523,41551,"FAILURE","PA","DIF"
58197,"NM","ELLIJAY, GA",79709,"09/17/10","10287","THE BANK OF ELLIJAY",168820,160718,"FAILURE","PA","DIF"
57107,"NM","CHERRY HILL, NJ",18856,"09/17/10","10290","ISN BANK",81564,79652,"FAILURE","PA","DIF"
35061,"SM","BRADENTON, FL",61319,"09/10/10","10286","HORIZON BANK",187819,164594,"FAILURE","PA","DIF"
15640,"NM","CHICAGO, IL",526345,"08/20/10","10284","SHOREBANK",2166431,1547403,"FAILURE","PA","DIF"
27344,"N","OCALA, FL",11982,"08/20/10","10281","INDEPENDENT NATIONAL BANK",156218,141877,"FAILURE","PA","DIF"
25266,"N","BARTOW, FL",9170,"08/20/10","10279","COMMUNITY NATIONAL BANK AT BARTOW",67918,63708,"FAILURE","PA","DIF"
27259,"NM","SONOMA, CA",10543,"08/20/10","10285","SONOMA VALLEY BANK",337113,255501,"FAILURE","PA","DIF"
31623,"SB","MARTINSVILLE, VA",4782,"08/20/10","10280","IMPERIAL SAVINGS AND LOAN ASSOCIATION",9448,10090,"FAILURE","PA","DIF"
33219,"NM","CHICO, CA",9481,"08/20/10","10278","BUTTE COMMUNITY BANK",498751,471256,"FAILURE","PA","DIF"
27090,"SM","STOCKTON, CA",35729,"08/20/10","10283","PACIFIC STATE BANK",312077,278832,"FAILURE","PA","DIF"
32165,"SB","SOLVANG, CA",31506,"08/20/10","10282","LOS PADRES BANK",866459,770899,"FAILURE","PA","DIF"
17599,"NM","PALOS HEIGHTS, IL",69355,"08/13/10","10277","PALOS BANK AND TRUST COMPANY",493391,467784,"FAILURE","PA","DIF"
34231,"NM","CHICAGO, IL",69778,"08/06/10","10276","RAVENSWOOD BANK",264628,269448,"FAILURE","PA","DIF"
57658,"NM","ACWORTH, GA",33627,"07/30/10","10274","NORTHWEST BANK & TRUST",160763,155531,"FAILURE","PA","DIF"
22643,"NM","LONGVIEW, WA",36401,"07/30/10","10275","THE COWLITZ BANK",489019,474742,"FAILURE","PA","DIF"
31964,"NM","EUGENE, OR",58283,"07/30/10","10273","LIBERTYBANK",714574,692670,"FAILURE","PA","DIF"
9619,"NM","PANAMA CITY BEACH, FL",116866,"07/30/10","10272","COASTAL COMMUNITY BANK",377469,370016,"FAILURE","PA","DIF"
57669,"SB","PORT SAINT JOE, FL",12479,"07/30/10","10271","BAYSIDE SAVINGS BANK",64344,52720,"FAILURE","PA","DIF"
27559,"NM","JASPER, GA",306252,"07/23/10","10265","CRESCENT BANK AND TRUST COMPANY",970235,932809,"FAILURE","PA","DIF"
35434,"NM","LAS VEGAS, NV",87595,"07/23/10","10267","SOUTHWESTUSA BANK",203690,183985,"FAILURE","PA","DIF"
10506,"SM","SYLVAN GROVE, KS",6651,"07/23/10","10269","THUNDER BANK",28248,27048,"FAILURE","PA","DIF"
17837,"N","KINGSTREE, SC",2425,"07/23/10","10270","WILLIAMSBURG FIRST NATIONAL BANK",130411,126993,"FAILURE","PA","DIF"
32536,"SM","LANTANA, FL",41817,"07/23/10","10268","STERLING BANK",354966,329541,"FAILURE","PA","DIF"
34486,"NM","NEW PRAGUE, MN",18495,"07/23/10","10264","COMMUNITY SECURITY BANK",100649,95100,"FAILURE","PA","DIF"
23181,"SM","CAVE JUNCTION, OR",29877,"07/23/10","10266","HOME VALLEY BANK",250488,227935,"FAILURE","PA","DIF"
28864,"SB","CLEWISTON, FL",25533,"07/16/10","10260","OLDE CYPRESS COMMUNITY BANK",161355,157997,"FAILURE","PA","DIF"
25172,"SM","MIAMI, FL",64179,"07/16/10","10259","METRO BANK OF DADE COUNTY",399441,375522,"FAILURE","PA","DIF"
35383,"N","SPARTANBURG, SC",69136,"07/16/10","10263","FIRST NATIONAL BANK OF THE SOUTH",619374,550891,"FAILURE","PA","DIF"
28136,"SB","HASTINGS, MI",12790,"07/16/10","10258","MAINSTREET SAVINGS BANK, FSB",96584,63291,"FAILURE","PA","DIF"
32280,"SB","AVENTURA, FL",28658,"07/16/10","10261","TURNBERRY BANK",240250,179169,"FAILURE","PA","DIF"
32571,"SB","BLUFFTON, SC",107349,"07/16/10","10262","WOODLANDS BANK",382803,364808,"FAILURE","PA","DIF"
11636,"N","BLACKWELL, OK",65822,"07/09/10","10256","HOME NATIONAL BANK",585445,514038,"FAILURE","PA","DIF"
35462,"N","BALTIMORE, MD",21144,"07/09/10","10255","BAY NATIONAL BANK",217743,212612,"FAILURE","PA","DIF"
32456,"SB","BALTIMORE, MD",4092,"07/09/10","10257","IDEAL FEDERAL SAVINGS BANK",6177,5803,"FAILURE","PO","DIF"
58072,"NM","PORT CHESTER, NY",64386,"07/09/10","10254","USA BANK",190678,188644,"FAILURE","PA","DIF"
35279,"NM","ALBUQUERQUE, NM",28424,"06/25/10","10252","HIGH DESERT STATE BANK",80343,80985,"FAILURE","PA","DIF"
26563,"NM","ENGLEWOOD, FL",184175,"06/25/10","10253","PENINSULA BANK",630179,580140,"FAILURE","PA","DIF"
34152,"N","SAVANNAH, GA",80859,"06/25/10","10251","FIRST NATIONAL BANK",252520,231857,"FAILURE","PA","DIF"
57110,"NM","RENO, NV",70874,"06/18/10","10250","NEVADA SECURITY BANK",492491,479759,"FAILURE","PA","DIF"
32955,"NM","SEATTLE, WA",95166,"06/11/10","10249","WASHINGTON FIRST INTERNATIONAL BANK",520887,441362,"FAILURE","PA","DIF"
31813,"SB","ARCOLA, IL",12476,"06/04/10","10246","ARCOLA HOMESTEAD SAVINGS BANK",17028,18092,"FAILURE","PO","DIF"
15814,"N","ROSEDALE, MS",18095,"06/04/10","10247","FIRST NATIONAL BANK",60449,63483,"FAILURE","PA","DIF"
29341,"SB","LINCOLN, NE",3541,"06/04/10","10248","TIERONE BANK",2824737,2185817,"FAILURE","PA","DIF"
35106,"NM","NAPLES, FL",87638,"05/28/10","10242","BANK OF FLORIDA - SOUTHWEST",640894,559897,"FAILURE","PA","DIF"
57360,"NM","FORT LAUDERDALE, FL",60470,"05/28/10","10241","BANK OF FLORIDA - SOUTHEAST",595318,531752,"FAILURE","PA","DIF"
57814,"NM","TAMPA BAY, FL",30582,"05/28/10","10243","BANK OF FLORIDA - TAMPA BAY",240513,224024,"FAILURE","PA","DIF"
34785,"NM","LAS VEGAS, NV",119368,"05/28/10","10245","SUN WEST BANK",360662,353943,"FAILURE","PA","DIF"
57315,"N","GRANITE BAY, CA",13175,"05/28/10","10244","GRANITE COMMUNITY BANK, NATIONAL ASSOCIATION",102913,94252,"FAILURE","PA","DIF"
57735,"NM","ST. PAUL, MN",8410,"05/21/10","10240","PINEHURST BANK",61215,58288,"FAILURE","PA","DIF"
18117,"SM","ELMWOOD PARK, IL",0,"05/14/10","10236","MIDWEST BANK AND TRUST COMPANY",3172915,2420738,"FAILURE","PA","DIF"
35114,"NM","SAINT MARYS, GA",37552,"05/14/10","10238","SATILLA COMMUNITY BANK",135688,134005,"FAILURE","PA","DIF"
34255,"NM","SPRINGFIELD, MO",25580,"05/14/10","10239","SOUTHWEST COMMUNITY BANK",100659,102463,"FAILURE","PA","DIF"
35586,"NM","PLYMOUTH, MI",24493,"05/14/10","10237","NEW LIBERTY BANK",111239,101884,"FAILURE","PA","DIF"
14246,"NM","BONIFAY, FL",66497,"05/07/10","10234","THE BANK OF BONIFAY",242871,230190,"FAILURE","PA","DIF"
16476,"NM","CHAMPLIN, MN",7916,"05/07/10","10233","ACCESS BANK",31996,31969,"FAILURE","PA","DIF"
35517,"SM","SAN DIEGO, CA",10626,"05/07/10","10232","1ST PACIFIC BANK OF CALIFORNIA",335798,291173,"FAILURE","PA","DIF"
57697,"NM","MESA, AZ",44625,"05/07/10","10235","TOWNE BANK OF ARIZONA",120246,113243,"FAILURE","PA","DIF"
22710,"NM","EVERETT, WA",487222,"04/30/10","10228","FRONTIER BANK",3250734,2846886,"FAILURE","PA","DIF"
58362,"NM","CREVE COEUR, MO",57091,"04/30/10","10227","CHAMPION BANK",195510,153763,"FAILURE","PA","DIF"
30005,"SB","PORT HURON, MI",387873,"04/30/10","10226","CF BANCORP",1599122,1418445,"FAILURE","PA","DIF"
17792,"N","BUTLER, MO",9100,"04/30/10","10225","BC NATIONAL BANKS",52204,43635,"FAILURE","PA","DIF"
34821,"NM","CHICAGO, IL",133071,"04/23/10","10222","NEW CENTURY BANK",447239,492046,"FAILURE","PA","DIF"
10888,"NM","PEOTONE, IL",46917,"04/23/10","10223","PEOTONE BANK AND TRUST COMPANY",130165,124676,"FAILURE","PA","DIF"
30600,"SB","CHICAGO, IL",39765,"04/23/10","10221","LINCOLN PARK SAVINGS BANK",194618,162627,"FAILURE","PA","DIF"
34658,"NM","CHICAGO, IL",42913,"04/23/10","10220","CITIZENS BANK & TRUST COMPANY OF CHICAGO",73490,74519,"FAILURE","PA","DIF"
58429,"NM","NAPERVILLE, IL",191585,"04/23/10","10224","WHEATLAND BANK",441694,438502,"FAILURE","PA","DIF"
3735,"N","ROCKFORD, IL",27420,"04/23/10","10218","AMCORE BANK, NATIONAL ASSOCIATION",3066240,3421194,"FAILURE","PA","DIF"
22853,"NM","CHICAGO, IL",389015,"04/23/10","10219","BROADWAY BANK",1059194,1113959,"FAILURE","PA","DIF"
28886,"SB","PALATKA, FL",14508,"04/16/10","10213","FIRST FEDERAL BANK OF NORTH FLORIDA",440122,324198,"FAILURE","PA","DIF"
57724,"NM","CLERMONT, FL",16611,"04/16/10","10210","AMERICANFIRST BANK",104034,81887,"FAILURE","PA","DIF"
21521,"NM","LYNNWOOD, WA",158400,"04/16/10","10212","CITY BANK",981913,1020494,"FAILURE","PA","DIF"
24067,"N","FORT PIERCE, FL",17819,"04/16/10","10216","RIVERSIDE NATIONAL BANK OF FLORIDA",3393818,2724623,"FAILURE","PA","DIF"
23876,"NM","OAKLAND, CA",23096,"04/16/10","10214","INNOVATIVE BANK",266816,225241,"FAILURE","PA","DIF"
26619,"SB","LOWELL, MA",20433,"04/16/10","10211","BUTLER BANK",245534,233222,"FAILURE","PA","DIF"
33493,"NM","SAN RAFAEL, CA",0,"04/16/10","10217","TAMALPAIS BANK",611504,487582,"FAILURE","PA","DIF"
34878,"NM","STERLING HEIGHTS, MI",21829,"04/16/10","10215","LAKESIDE COMMUNITY BANK",49173,52290,"FAILURE","PO","DIF"
34242,"N","MYRTLE BEACH, SC",164592,"04/09/10","10209","BEACH FIRST NATIONAL BANK",590024,516026,"FAILURE","PA","DIF"
57399,"NM","CARROLLTON, GA",164026,"03/26/10","10207","MCINTOSH COMMERCIAL BANK",363405,343339,"FAILURE","PA","DIF"
34684,"SB","KEY WEST, FL",16210,"03/26/10","10206","KEY WEST BANK",88031,67662,"FAILURE","PA","DIF"
57060,"NM","PHOENIX, AZ",111555,"03/26/10","10205","DESERT HILLS BANK",496552,426473,"FAILURE","PA","DIF"
34678,"N","CARTERSVILLE, GA",73589,"03/26/10","10208","UNITY NATIONAL BANK",300590,264286,"FAILURE","PA","DIF"
18806,"N","PARMA, OH",14960,"03/19/10","10201","AMERICAN NATIONAL BANK",70318,66752,"FAILURE","PA","DIF"
10054,"NM","HIAWASSEE, GA",108511,"03/19/10","10202","BANK OF HIAWASSEE",377779,339597,"FAILURE","PA","DIF"
58104,"NM","DULUTH, GA",38192,"03/19/10","10198","CENTURY SECURITY BANK",96535,93967,"FAILURE","PA","DIF"
24957,"NM","FORT DEPOSIT, AL",12958,"03/19/10","10204","FIRST LOWNDES BANK",137175,131117,"FAILURE","PA","DIF"
8221,"NM","AURORA, MN",7026,"03/19/10","10203","STATE BANK OF AURORA",28159,27801,"FAILURE","PA","DIF"
33535,"NM","DRAPER, UT",536071,"03/19/10","10200","ADVANTA BANK CORP.",1525931,1519471,"FAILURE","PO","DIF"
33989,"NM","ELLIJAY, GA",458033,"03/19/10","10199","APPALACHIAN COMMUNITY BANK",1010075,917575,"FAILURE","PA","DIF"
27096,"NM","NEW YORK, NY",78134,"03/12/10","10195","THE PARK AVENUE BANK",520146,494505,"FAILURE","PA","DIF"
29561,"NM","COVINGTON, LA",28370,"03/12/10","10196","STATEWIDE BANK",243215,207821,"FAILURE","PA","DIF"
58182,"SM","ORLANDO, FL",76501,"03/12/10","10197","OLD SOUTHERN BANK",336390,319746,"FAILURE","PA","DIF"
58071,"NM","NEW YORK, NY",19394,"03/11/10","10194","LIBERTYPOINTE BANK",216500,209477,"FAILURE","PA","DIF"
27126,"SM","BOCA RATON, FL",122793,"03/05/10","10192","SUN AMERICAN BANK",535724,443481,"FAILURE","PA","DIF"
34430,"NM","OGDEN, UT",72673,"03/05/10","10193","CENTENNIAL BANK",212839,205076,"FAILURE","PO","DIF"
9268,"SM","NORMAL, IL",18844,"03/05/10","10191","BANK OF ILLINOIS",211711,198487,"FAILURE","PA","DIF"
34976,"SB","GERMANTOWN, MD",18567,"03/05/10","10190","WATERFIELD BANK",155566,156188,"FAILURE","PO","DIF"
38129,"SB","TACOMA, WA",2845,"02/26/10","10189","RAINIER PACIFIC BANK",717806,446192,"FAILURE","PA","DIF"
58352,"NM","CARSON CITY, NV",14994,"02/26/10","10188","CARSON RIVER COMMUNITY BANK",51095,50024,"FAILURE","PA","DIF"
32423,"SB","LA JOLLA, CA",585719,"02/19/10","10185","LA JOLLA BANK, FSB",3646071,2799362,"FAILURE","PA","DIF"
3287,"N","LA COSTE, TX",5709,"02/19/10","10186","THE LA COSTE NATIONAL BANK",53936,49275,"FAILURE","PA","DIF"
29952,"SB","ORLAND PARK, IL",129425,"02/19/10","10184","GEORGE WASHINGTON SAVINGS BANK",413673,395310,"FAILURE","PA","DIF"
57586,"SM","MARCO ISLAND, FL",25614,"02/19/10","10187","MARCO COMMUNITY BANK",119578,117097,"FAILURE","PA","DIF"
15448,"NM","HANCOCK, MN",4521,"02/05/10","10183","1ST AMERICAN STATE BANK OF MINNESOTA",18155,16327,"FAILURE","PA","DIF"
5672,"NM","IMMOKALEE, FL",310653,"01/29/10","10181","FLORIDA COMMUNITY BANK",835701,776556,"FAILURE","PA","DIF"
16133,"N","HALLOCK, MN",1463,"01/29/10","10182","MARSHALL BANK, NATIONAL ASSOCIATION",58566,55662,"FAILURE","PA","DIF"
23011,"NM","LOS ANGELES, CA",244805,"01/29/10","10177","FIRST REGIONAL BANK",2082684,1664450,"FAILURE","PA","DIF"
5702,"NM","CORNELIA, GA",480125,"01/29/10","10180","COMMUNITY BANK & TRUST",1181717,1067957,"FAILURE","PA","DIF"
16480,"N","CARROLLTON, GA",203902,"01/29/10","10179","FIRST NATIONAL BANK OF GEORGIA",840633,780196,"FAILURE","PA","DIF"
16730,"NM","BAINBRIDGE ISLAND, WA",28360,"01/29/10","10178","AMERICAN MARINE BANK",329246,287443,"FAILURE","PA","DIF"
32498,"SB","SANTA FE, NM",128038,"01/22/10","10175","CHARTER BANK",1201922,859933,"FAILURE","PA","DIF"
57147,"NM","MIAMI, FL",84454,"01/22/10","10173","PREMIER AMERICAN BANK",299225,285554,"FAILURE","PA","DIF"
8265,"NM","LEETON, MO",7464,"01/22/10","10174","BANK OF LEETON",20128,20335,"FAILURE","PA","DIF"
20501,"NM","SEATTLE, WA",43886,"01/22/10","10172","EVERGREEN BANK",395980,340378,"FAILURE","PA","DIF"
22469,"NM","THE DALLES, OR",55064,"01/22/10","10176","COLUMBIA RIVER BANK",955112,908132,"FAILURE","PA","DIF"
1252,"SM","KAYSVILLE, UT",111579,"01/15/10","10171","BARNES BANKING COMPANY",709171,697109,"FAILURE","PO","DIF"
17522,"NM","ST. STEPHEN, MN",7707,"01/15/10","10169","ST. STEPHEN STATE BANK",22895,23912,"FAILURE","PA","DIF"
34705,"NM","ANTIOCH, IL",23894,"01/15/10","10170","TOWN COMMUNITY BANK AND TRUST",70758,68323,"FAILURE","PA","DIF"
22977,"NM","BELLINGHAM, WA",213192,"01/08/10","10168","HORIZON BANK",1188956,1049063,"FAILURE","PA","DIF"
1006,"NM","NEW BALTIMORE, MI",71005,"12/18/09","10162","CITIZENS STATE BANK",168551,157149,"FAILURE","PO","DIF"
28536,"SB","SANTA MONICA, CA",0,"12/18/09","10167","FIRST FEDERAL BANK OF CALIFORNIA,  A FEDERAL SAVINGS BANK",6143903,4538607,"FAILURE","PA","DIF"
26820,"SM","SPRINGFIELD, IL",0,"12/18/09","10166","INDEPENDENT BANKERS' BANK",585508,511473,"FAILURE","PI","DIF"
32276,"SB","IRONDALE, AL",303518,"12/18/09","10163","NEW SOUTH FEDERAL SAVINGS BANK",1464127,1163916,"FAILURE","PA","DIF"
26348,"NM","LA JOLLA, CA",286235,"12/18/09","10161","IMPERIAL CAPITAL BANK",4046888,2822300,"FAILURE","PA","DIF"
32167,"SB","PANAMA CITY, FL",597344,"12/18/09","10165","PEOPLES FIRST COMMUNITY BANK",1795420,1684443,"FAILURE","PA","DIF"
58315,"NM","ATLANTA, GA",99936,"12/18/09","10164","ROCKBRIDGE COMMERCIAL BANK",294024,291707,"FAILURE","PO","DIF"
4731,"SM","OVERLAND PARK, KS",93393,"12/11/09","10160","SOLUTIONSBANK",511103,421271,"FAILURE","PA","DIF"
22846,"N","MIAMI, FL",84535,"12/11/09","10158","REPUBLIC FEDERAL BANK, N.A.",433011,352695,"FAILURE","PA","DIF"
58399,"N","MESA, AZ",15047,"12/11/09","10159","VALLEY CAPITAL BANK, N.A.",40270,41312,"FAILURE","PA","DIF"
34663,"NM","ATLANTA, GA",316515,"12/04/09","10152","THE BUCKHEAD COMMUNITY BANK",856236,813668,"FAILURE","PA","DIF"
29776,"SB","CLEVELAND, OH",1754561,"12/04/09","10155","AMTRUST BANK",11438990,8558609,"FAILURE","PA","DIF"
32583,"SB","RESTON, VA",31837,"12/04/09","10156","GREATER ATLANTIC BANK",203262,179248,"FAILURE","PA","DIF"
10440,"NM","AURORA, IL",79365,"12/04/09","10154","BENCHMARK BANK",173062,182760,"FAILURE","PA","DIF"
12080,"NM","REIDSVILLE, GA",14705,"12/04/09","10153","THE TATNALL BANK",49612,47100,"FAILURE","PA","DIF"
26290,"N","NORCROSS, GA",34282,"12/04/09","10157","FIRST SECURITY NATIONAL BANK",127455,121645,"FAILURE","PA","DIF"
58016,"NM","FORT MYERS, FL",32236,"11/20/09","10151","COMMERCE BANK OF SOUTHWEST FLORIDA",70997,72821,"FAILURE","PA","DIF"
22427,"SM","NAPLES, FL",721767,"11/13/09","10149","ORION BANK",2612515,2169446,"FAILURE","PA","DIF"
57914,"N","SAN CLEMENTE, CA",33470,"11/13/09","10150","PACIFIC COAST NATIONAL BANK",131418,128867,"FAILURE","PA","DIF"
32267,"SB","SARASOTA, FL",307406,"11/13/09","10148","CENTURY BANK, A FEDERAL SAVINGS BANK",755923,659742,"FAILURE","PA","DIF"
30329,"SB","DETROIT, MI",8468,"11/06/09","10144","HOME FEDERAL SAVINGS BANK",12994,12730,"FAILURE","PA","DIF"
32469,"NM","SAN FRANCISCO, CA",632501,"11/06/09","10147","UNITED COMMERCIAL BANK",10895336,7653666,"FAILURE","PA","DIF"
19450,"NM","ST LOUIS, MO",11648,"11/06/09","10146","GATEWAY BANK OF ST LOUIS",26882,27534,"FAILURE","PA","DIF"
22286,"NM","SPARTA, GA",62318,"11/06/09","10145","UNITED SECURITY BANK",153639,149616,"FAILURE","PA","DIF"
35074,"NM","OAKDALE, MN",34308,"11/06/09","10143","PROSPERAN BANK",197442,182794,"FAILURE","PA","DIF"
25222,"N","TEAGUE, TX",6982,"10/30/09","10141","CITIZENS NATIONAL BANK",118236,97590,"FAILURE","PA","DIF"
34659,"N","LOS ANGELES, CA",290091,"10/30/09","10134","CALIFORNIA NATIONAL BANK",7781100,6145207,"FAILURE","PA","DIF"
11677,"N","CHICAGO, IL",26008,"10/30/09","10140","PARK NATIONAL BANK",4680881,3716626,"FAILURE","PA","DIF"
30006,"N","SAN FRANCISCO, CA",78725,"10/30/09","10139","PACIFIC NATIONAL BANK",2319263,1757986,"FAILURE","PA","DIF"
32218,"N","PHOENIX, AZ",13275,"10/30/09","10136","BANK USA, NA",213205,170685,"FAILURE","PA","DIF"
35291,"NM","LEMONT, IL",26348,"10/30/09","10137","COMMUNITY BANK OF LEMONT",81843,80688,"FAILURE","PA","DIF"
18776,"NM","HOUSTON, TX",14391,"10/30/09","10138","NORTH HOUSTON BANK",325474,307166,"FAILURE","PA","DIF"
23594,"N","SAN DIEGO, CA",40822,"10/30/09","10135","SAN DIEGO NATIONAL BANK",3594544,2891576,"FAILURE","PA","DIF"
33782,"NM","MADISONVILLE, TX",820,"10/30/09","10142","MADISONVILLE STATE BANK",256330,224653,"FAILURE","PA","DIF"
35038,"NM","WESTMONT, IL",86934,"10/23/09","10128","FIRST DUPAGE BANK",262093,253992,"FAILURE","PA","DIF"
57525,"NM","OSTEGO, MN",23476,"10/23/09","10133","RIVERVIEW COMMUNITY BANK",99057,75012,"FAILURE","PA","DIF"
57794,"NM","LAWRENCEVILLE, GA",44008,"10/23/09","10127","AMERICAN UNITED BANK",110094,102386,"FAILURE","PA","DIF"
57959,"SB","NAPLES, FL",31809,"10/23/09","10130","PARTNERS BANK",65498,64798,"FAILURE","PA","DIF"
35044,"N","BRADENTON, FL",62112,"10/23/09","10129","FLAGSHIP NATIONAL BANK",177563,170118,"FAILURE","PA","DIF"
58336,"NM","NAPLES, FL",43603,"10/23/09","10131","HILLCREST BANK FLORIDA",82774,83254,"FAILURE","PA","DIF"
18321,"SM","RACINE, WI",99463,"10/23/09","10132","BANK OF ELMWOOD",327444,272782,"FAILURE","PA","DIF"
23266,"SM","BAKERSFIELD, CA",80324,"10/16/09","10126","SAN JOAQUIN BANK",766359,626359,"FAILURE","PA","DIF"
57263,"N","PUEBLO, CO",8323,"10/02/09","10123","SOUTHERN COLORADO NATIONAL BANK",37142,29568,"FAILURE","PA","DIF"
34824,"SM","WARREN, MI",223098,"10/02/09","10125","WARREN BANK",504816,467767,"FAILURE","PA","DIF"
11416,"NM","SPRING GROVE, MN",18876,"10/02/09","10124","JENNINGS STATE BANK",52347,50801,"FAILURE","PA","DIF"
57151,"NM","ATLANTA, GA",961996,"09/25/09","10122","GEORGIAN BANK",2230230,1960123,"FAILURE","PA","DIF"
10100,"SM","COLUMBUS, IN",762774,"09/18/09","10120","IRWIN UNION BANK AND TRUST COMPANY",2839747,2254025,"FAILURE","PA","DIF"
57068,"SB","LOUISVILLE, KY",116298,"09/18/09","10121","IRWIN UNION BANK, FSB",518151,462611,"FAILURE","PA","DIF"
22868,"NM","LACEY, WA",213460,"09/11/09","10119","VENTURE BANK",968385,917729,"FAILURE","PA","DIF"
57736,"NM","WOODBURY, MN",24597,"09/11/09","10118","BRICKWELL COMMUNITY BANK",72576,64981,"FAILURE","PA","DIF"
13693,"N","CHICAGO, IL",32205,"09/11/09","10117","CORUS BANK, N.A.",7003321,7060693,"FAILURE","PA","DIF"
34875,"NM","FLAGSTAFF, AZ",49833,"09/04/09","10114","FIRST STATE BANK",107235,95734,"FAILURE","PA","DIF"
35030,"SB","ROLLING MEADOWS, IL",0,"09/04/09","10115","PLATINUM COMMUNITY BANK",147961,110186,"FAILURE","PO","DIF"
20203,"NM","OAK FOREST, IL",56911,"09/04/09","10113","INBANK",209848,209211,"FAILURE","PA","DIF"
25231,"NM","KANSAS CITY, MO",7548,"09/04/09","10112","FIRST BANK OF KANSAS CITY",15723,14479,"FAILURE","PA","DIF"
27732,"SB","SIOUX CITY, IA",102620,"09/04/09","10116","VANTUS BANK",503643,394369,"FAILURE","PA","DIF"
1909,"NM","FOREST LAKE, MN",89957,"08/28/09","10111","MAINSTREET BANK",458533,432818,"FAILURE","PA","DIF"
27197,"NM","VENTURA, CA",234599,"08/28/09","10110","AFFINITY BANK",1211431,905593,"FAILURE","PA","DIF"
28312,"SB","BALTIMORE, MD",50279,"08/28/09","10109","BRADFORD BANK",451888,382159,"FAILURE","PA","DIF"
34682,"SB","ATLANTA, GA",51023,"08/21/09","10107","EBANK",144688,131510,"FAILURE","PA","DIF"
22130,"SM","BIRMINGHAM, AL",126368,"08/21/09","10106","CAPITALSOUTH BANK",586586,539422,"FAILURE","PA","DIF"
57702,"NM","NEWNAN, GA",66684,"08/21/09","10108","FIRST COWETA",163755,154903,"FAILURE","PA","DIF"
32618,"SB","AUSTIN, TX",0,"08/21/09","10105","GUARANTY BANK",13464352,11984112,"FAILURE","PA","DIF"
31559,"SB","PITTSBURGH, PA",8913,"08/14/09","10104","DWELLING HOUSE SAVINGS AND LOAN",12947,12984,"FAILURE","PA","DIF"
34485,"N","GILBERT, AZ",53231,"08/14/09","10102","UNION BANK, NATIONAL ASSOCIATION",119529,110362,"FAILURE","PA","DIF"
9609,"NM","MONTGOMERY, AL",2958217,"08/14/09","10103","COLONIAL BANK",25455112,20072099,"FAILURE","PA","DIF"
34043,"SM","LAS VEGAS, NV",564375,"08/14/09","10100","COMMUNITY BANK OF NEVADA",1397798,1372744,"FAILURE","PO","DIF"
57645,"NM","PHOENIX, AZ",27476,"08/14/09","10101","COMMUNITY BANK OF ARIZONA",158517,143834,"FAILURE","PA","DIF"
27183,"N","VENICE, FL",25809,"08/07/09","10099","COMMUNITY NATIONAL BANK OF SARASOTA COUNTY",92528,92352,"FAILURE","PA","DIF"
23268,"SM","PRINEVILLE, OR",73699,"08/07/09","10092","COMMUNITY FIRST BANK",199508,180691,"FAILURE","PA","DIF"
27364,"NM","SARASOTA, FL",121293,"08/07/09","10098","FIRST STATE BANK",447667,394701,"FAILURE","PA","DIF"
18659,"NM","HARVEY, IL",795665,"07/31/09","10094","MUTUAL BANK",1595657,1546525,"FAILURE","PA","DIF"
32288,"SB","WEST CHESTER, OH",64067,"07/31/09","10096","PEOPLES COMMUNITY BANK",606153,538787,"FAILURE","PA","DIF"
34270,"NM","ELIZABTH, NJ",21934,"07/31/09","10097","FIRST BANKAMERICANO",163372,155463,"FAILURE","PA","DIF"
9873,"NM","ALTUS, OK",27098,"07/31/09","10093","FIRST STATE BANK OF ALTUS",90867,98161,"FAILURE","PA","DIF"
57604,"NM","JUPITER, FL",37174,"07/31/09","10095","INTEGRITY BANK",105298,98511,"FAILURE","PA","DIF"
8486,"NM","GRAY, GA",98201,"07/24/09","10088","SECURITY BANK OF JONES COUNTY",432712,375238,"FAILURE","PA","DIF"
27048,"NM","PERRY, GA",50980,"07/24/09","10087","SECURITY BANK OF HOUSTON COUNTY",371624,313155,"FAILURE","PA","DIF"
57430,"NM","ALPHARETTA, GA",49000,"07/24/09","10089","SECURITY BANK OF NORTH FULTON",190564,179523,"FAILURE","PA","DIF"
27367,"NM","MACON, GA",416013,"07/24/09","10085","SECURITY BANK OF BIBB COUNTY",943744,831437,"FAILURE","PA","DIF"
58065,"NM","WILLIAMSVILLE, NY",7875,"07/24/09","10091","WATERFORD VILLAGE BANK",55707,56145,"FAILURE","PA","DIF"
57105,"NM","WOODSTOCK, GA",102031,"07/24/09","10090","SECURITY BANK OF NORTH METRO",184184,182413,"FAILURE","PA","DIF"
57346,"NM","SUWANNEE, GA",193409,"07/24/09","10086","SECURITY BANK OF GWINNETT COUNTY",259182,256578,"FAILURE","PA","DIF"
34103,"SM","SIOUX FALLS, SD",110351,"07/17/09","10081","BANKFIRST",210844,232203,"FAILURE","PA","DIF"
23556,"N","RANCHO CUCAMONGA, CA",279317,"07/17/09","10083","VINEYARD BANK, NATIONAL ASSOCIATION",1638378,1526186,"FAILURE","PA","DIF"
34341,"NM","TEMECULA, CA",227400,"07/17/09","10082","TEMECULA VALLEY BANK",1396622,1276287,"FAILURE","PA","DIF"
34594,"NM","WINDER, GA",37998,"07/17/09","10084","FIRST PIEDMONT BANK",114113,108499,"FAILURE","PA","DIF"
22754,"NM","THERMOPOLIS, WY",32668,"07/10/09","10080","BANK OF WYOMING",70188,66598,"FAILURE","PA","DIF"
3644,"N","DANVILLE, IL",25057,"07/02/09","10078","THE FIRST NATIONAL BANK OF DANVILLE",148218,140185,"FAILURE","PA","DIF"
11710,"NM","WINCHESTER, IL",8340,"07/02/09","10077","THE FIRST STATE BANK OF WINCHESTER",30073,30806,"FAILURE","PA","DIF"
18390,"NM","WORTH, IL",132351,"07/02/09","10074","FOUNDERS BANK",889172,832160,"FAILURE","PA","DIF"
9262,"NM","ELIZABETH, IL",9890,"07/02/09","10073","THE ELIZABETH STATE BANK",55027,48131,"FAILURE","PA","DIF"
57667,"NM","DALLAS, TX",52700,"07/02/09","10079","MILLENNIUM STATE BANK OF TEXAS",118601,115478,"FAILURE","PA","DIF"
12093,"NM","CLINTON, IL",14597,"07/02/09","10076","THE JOHN WARNER BANK",69609,65179,"FAILURE","PA","DIF"
15302,"NM","OREGON, IL",18597,"07/02/09","10075","ROCK RIVER BANK",74808,74896,"FAILURE","PA","DIF"
35285,"SM","NEWNAN, GA",80745,"06/26/09","10069","NEIGHBORHOOD COMMUNITY BANK",212616,190070,"FAILURE","PA","DIF"
9744,"NM","PINE CITY, MN",24010,"06/26/09","10070","HORIZON BANK",84763,69254,"FAILURE","PA","DIF"
57436,"SM","VILLA RICA, GA",73882,"06/26/09","10068","COMMUNITY BANK OF WEST GEORGIA",201222,189398,"FAILURE","PO","DIF"
57332,"NM","LOS ANGELES, CA",45309,"06/26/09","10072","MIRAE BANK",480619,409951,"FAILURE","PA","DIF"
57893,"NM","IRVINE, CA",32168,"06/26/09","10071","METROPACIFIC BANK",75316,70078,"FAILURE","PA","DIF"
27837,"NM","WILMINGTON, NC",287359,"06/19/09","10065","COOPERATIVE BANK",966778,768479,"FAILURE","PA","DIF"
35251,"NM","FAYETTEVILLE, GA",136636,"06/19/09","10067","SOUTHERN COMMUNITY BANK",371695,297962,"FAILURE","PA","DIF"
4614,"N","ANTHONY, KS",33230,"06/19/09","10066","FIRST NATIONAL BANK OF ANTHONY",156954,142551,"FAILURE","PA","DIF"
17309,"NM","LINCOLNWOOD, IL",71728,"06/05/09","10064","BANK OF LINCOLNWOOD",212718,209285,"FAILURE","PA","DIF"
5757,"N","MACOMB, IL",39148,"05/22/09","10063","CITIZENS NATIONAL BANK",438560,393635,"FAILURE","PA","DIF"
35175,"NM","CHAMPAIGN, IL",103251,"05/22/09","10062","STRATEGIC CAPITAL BANK",546576,479384,"FAILURE","PA","DIF"
32247,"SB","CORAL GABLES, FL",5257822,"05/21/09","10061","BANKUNITED, FSB",13111463,8775985,"FAILURE","PA","DIF"
34843,"NM","BREMERTON, WA",83759,"05/08/09","10060","WESTSOUND BANK",334608,304464,"FAILURE","PA","DIF"
26535,"N","ATLANTA, GA",646933,"05/01/09","10059","SILVERTON BANK, NATIONAL ASSOCIATION",4157246,3314928,"FAILURE","PO","DIF"
57563,"NM","RIDGEWOOD, NJ",19094,"05/01/09","10058","CITIZENS COMMUNITY BANK",40657,40664,"FAILURE","PA","DIF"
35461,"NM","LAYTON, UT",115880,"05/01/09","10057","AMERICA WEST BANK",281564,286040,"FAILURE","PA","DIF"
57943,"NM","KENNESAW, GA",33740,"04/24/09","10053","AMERICAN SOUTHERN BANK",105950,105940,"FAILURE","PA","DIF"
32069,"NM","CALABASAS, CA",14884,"04/24/09","10054","FIRST BANK OF BEVERLY HILLS",1260354,866492,"FAILURE","PO","DIF"
34396,"SB","KETCHUM, ID",112083,"04/24/09","10055","FIRST BANK OF IDAHO, FSB",490656,370580,"FAILURE","PA","DIF"
34369,"SM","FARMINGTON HILLS, MI",50184,"04/24/09","10056","MICHIGAN HERITAGE BANK",167710,149065,"FAILURE","PA","DIF"
33824,"NM","ELKO, NV",20241,"04/17/09","10051","GREAT BASIN BANK OF NEVADA",238940,220834,"FAILURE","PA","DIF"
8266,"SB","SUGAR CREEK, MO",46849,"04/17/09","10052","AMERICAN STERLING BANK",166456,170946,"FAILURE","PA","DIF"
34639,"NM","WILMINGTON, NC",118565,"04/10/09","10049","CAPE FEAR BANK",492418,402820,"FAILURE","PA","DIF"
34881,"NM","GREELEY, CO",918904,"04/10/09","10050","NEW FRONTIER BANK",1774588,1496347,"FAILURE","PO","DIF"
22238,"N","ATLANTA, GA",308410,"03/27/09","10048","OMNI NATIONAL BANK",979585,813205,"FAILURE","PO","DIF"
18243,"NM","STOCKBRIDGE, GA",140390,"03/20/09","10047","FIRSTCITY BANK",285015,259056,"FAILURE","PO","DIF"
4754,"N","PAOLA, KS",134593,"03/20/09","10046","TEAMBANK, N.A.",669830,532520,"FAILURE","PA","DIF"
18896,"N","COLORADO SPRINGS, CO",12687,"03/20/09","10045","COLORADO NATIONAL BANK",123508,85150,"FAILURE","PA","DIF"
57558,"NM","COMMERCE, GA",43514,"03/06/09","10044","FREEDOM BANK OF GEORGIA",172454,159048,"FAILURE","PA","DIF"
20078,"NM","GLENWOOD, IL",49700,"02/27/09","10042","HERITAGE COMMUNITY BANK",235154,225735,"FAILURE","PA","DIF"
34820,"NM","HENDERSON, NV",34946,"02/27/09","10043","SECURITY SAVINGS BANK",238307,174872,"FAILURE","PA","DIF"
35399,"NM","SILVERTON, OR",40828,"02/20/09","10041","SILVER FALLS BANK",134206,115976,"FAILURE","PA","DIF"
16500,"NM","PITTSFIELD, IL",82172,"02/13/09","10037","CORN BELT BANK AND TRUST COMPANY",260201,233788,"FAILURE","PA","DIF"
5431,"NM","LOUP CITY, NE",42684,"02/13/09","10039","SHERMAN COUNTY BANK",135431,90647,"FAILURE","PA","DIF"
34563,"SM","CAPE CORAL, FL",202818,"02/13/09","10038","RIVERSIDE BANK OF THE GULF COAST",523673,422708,"FAILURE","PA","DIF"
57342,"NM","BEAVERTON, OR",10218,"02/13/09","10040","PINNACLE BANK",71921,64168,"FAILURE","PA","DIF"
22574,"SM","MERCED, CA",63204,"02/06/09","10034","COUNTY BANK",1711552,1324635,"FAILURE","PA","DIF"
23124,"NM","CULVER CITY, CA",119572,"02/06/09","10035","ALLIANCE BANK",1113361,951106,"FAILURE","PA","DIF"
57017,"NM","MCDONOUGH, GA",153065,"02/06/09","10036","FIRSTBANK FINANCIAL SERVICES",317237,279308,"FAILURE","PA","DIF"
58001,"NM","SALT LAKE CITY, UT",171975,"01/30/09","10031","MAGNET BANK",300674,282578,"FAILURE","PO","DIF"
26538,"N","OCALA, FL",95487,"01/30/09","10032","OCALA NATIONAL BANK",219424,204663,"FAILURE","PA","DIF"
30763,"SB","CROFTON, MD",73819,"01/30/09","10033","SUBURBAN FEDERAL SAVINGS BANK",347408,301847,"FAILURE","PA","DIF"
33025,"NM","REDLANDS, CA",139788,"01/23/09","10030","1ST CENTENNIAL BANK",797959,678570,"FAILURE","PI","DIF"
33318,"N","WILMINGTON, DE",,"01/16/09","0","FIA CARD SERVICES N.A.",159637136,9816599,"ASSISTANCE","A/A","***"
34571,"SB","NEW YORK, NY",,"01/16/09","0","MERRILL LYNCH BANK & TRUST CO FSB",37986413,28539028,"ASSISTANCE","A/A","***"
34959,"NM","VANCOUVER, WA",152090,"01/16/09","10029","BANK OF CLARK COUNTY",441085,377506,"FAILURE","PI","DIF"
35453,"N","PORTLAND, OR",,"01/16/09","0","BANK OF AMERICA OREGON N.A.",11526309,500,"ASSISTANCE","A/A","***"
3510,"N","CHARLOTTE, NC",,"01/16/09","0","BANK OF AMERICA N.A.",1471631047,954677580,"ASSISTANCE","A/A","***"
33143,"SB","ALEXANDRIA, VA",,"01/16/09","0","COUNTRYWIDE BANK FSB",117978966,43663251,"ASSISTANCE","A/A","***"
58032,"N","PROVIDENCE, RI",,"01/16/09","0","BANK OF AMERICA RHODE ISLAND N.A.",35410586,500,"ASSISTANCE","A/A","***"
19733,"N","BERKELEY, IL",80513,"01/16/09","10028","NATIONAL BANK OF COMMERCE",419741,395868,"FAILURE","PA","DIF"
25178,"N","SAN FRANCISCO, CA",,"01/16/09","0","BANK OF AMERICA CALIFORNIA N.A.",21502223,500,"ASSISTANCE","A/A","***"
27374,"NM","SALT LAKE CITY, UT",,"01/16/09","0","MERRILL LYNCH BANK USA",61809503,53620324,"ASSISTANCE","A/A","***"
11568,"NM","SANDERSON, TX",8284,"12/12/08","10026","SANDERSON STATE BANK",38217,32012,"FAILURE","PA","DIF"
35379,"NM","DULUTH, GA",249363,"12/12/08","10027","HAVEN TRUST BANK",559551,489692,"FAILURE","PA","DIF"
34301,"SM","JACKSON, GA",88065,"12/05/08","10025","FIRST GEORGIA COMMUNITY BANK",256371,215287,"FAILURE","PA","DIF"
58180,"N","SIOUX FALLS, SD",,"11/23/08","0","DEPARTMENT STORES NATIONAL BANK",374903,300881,"ASSISTANCE","A/A","***"
18708,"SB","WILMINGTON, DE",,"11/23/08","0","CITICORP TRUST BANK, FSB",19599414,7231013,"ASSISTANCE","A/A","***"
23360,"N","SIOUX FALLS, SD",,"11/23/08","0","CITIBANK (SOUTH DAKOTA), N.A.",77737957,42356986,"ASSISTANCE","A/A","***"
7213,"N","LAS VEGAS, NV",,"11/23/08","0","CITIBANK, NATIONAL ASSOCIATION",1207007000,230042000,"ASSISTANCE","A/A","***"
18923,"NM","CENTURY CITY, CA",,"11/23/08","0","CITIBANK (BANAMEX USA)",1322720,876086,"ASSISTANCE","A/A","***"
16490,"NM","LOGANVILLE, GA",338206,"11/21/08","10022","THE COMMUNITY BANK",634901,603733,"FAILURE","PA","DIF"
30968,"SB","NEWPORT BEACH, CA",197162,"11/21/08","10023","DOWNEY SAVINGS AND LOAN ASSOCIATION, F.A.",12779371,9653169,"FAILURE","PA","DIF"
28344,"SB","POMONA, CA",267384,"11/21/08","10024","PFF BANK & TRUST",3715433,2393845,"FAILURE","PA","DIF"
23595,"NM","SAN DIEGO, CA",150397,"11/07/08","10020","SECURITY PACIFIC BANK",527959,456472,"FAILURE","PA","DIF"
26870,"SB","HOUSTON, TX",687317,"11/07/08","10021","FRANKLIN BANK, SSB",5089260,3692887,"FAILURE","PA","DIF"
57930,"NM","BRADENTON, FL",114755,"10/31/08","10019","FREEDOM BANK",270842,256793,"FAILURE","PA","DIF"
58241,"NM","ALPHARETTA, GA",213402,"10/24/08","10018","ALPHA BANK & TRUST",354090,344231,"FAILURE","PI","DIF"
57654,"NM","NORTHVILLE, MI",56318,"10/10/08","10016","MAIN STREET BANK",112368,98934,"FAILURE","PA","DIF"
13789,"NM","ELDRED, IL",16618,"10/10/08","10017","MERIDIAN BANK",38223,36090,"FAILURE","PA","DIF"
32633,"SB","HENDERSON, NV",0,"09/25/08","10015","WASHINGTON MUTUAL BANK",307021614,188260793,"FAILURE","PA","DIF"
6782,"SB","NORTHFORK, WV",38290,"09/19/08","10014","AMERIBANK, INC.",103965,100901,"FAILURE","PA","DIF"
34194,"NM","HENDERSON, NV",728849,"09/05/08","10013","SILVER STATE BANK",1957120,1733091,"FAILURE","PI","DIF"
35469,"NM","ALPHARETTA, GA",471721,"08/29/08","10012","INTEGRITY BANK",1107514,962456,"FAILURE","PA","DIF"
22728,"NM","TOPEKA, KS",337106,"08/22/08","10011","THE COLUMBIAN BANK AND TRUST COMPANY",735071,620354,"FAILURE","PI","DIF"
57523,"NM","BRADENTON, FL",95555,"08/01/08","10010","FIRST PRIORITY BANK",258610,226698,"FAILURE","PI","DIF"
27011,"N","RENO, NV",725138,"07/25/08","10008","FIRST NATIONAL BANK OF NEVADA",3411145,3038053,"FAILURE","PA","DIF"
57961,"N","NEWPORT BEACH, CA",92139,"07/25/08","10009","FIRST HERITAGE BANK N.A.",255376,234812,"FAILURE","PA","DIF"
29730,"SB","PASADENA, CA",12233390,"07/11/08","10007","INDYMAC BANK F.S.B",30698512,18941727,"FAILURE","PI","DIF"
12736,"N","STAPLES, MN",10305,"05/30/08","10006","FIRST INTEGRITY BANK, N.A.",52916,50178,"FAILURE","PA","DIF"
33901,"N","BENTONVILLE, AR",1029987,"05/09/08","10005","ANB FINANCIAL NATIONAL ASSOCIATION",1895545,1815691,"FAILURE","PI","DIF"
1971,"NM","HUME, MO",4085,"03/07/08","10004","HUME BANK",18682,13566,"FAILURE","PI","DIF"
24660,"N","KANSAS CITY, MO",7157,"01/25/08","10003","DOUGLASS NATIONAL BANK",52824,50250,"FAILURE","PA","DIF"
16848,"NM","LAKEVIEW, OH",28394,"10/04/07","10002","MIAMI VALLEY BANK",125362,119601,"FAILURE","PI","DIF"
32575,"SB","ALPHARETTA, GA",124019,"09/28/07","10001","NETBANK",2473806,2290046,"FAILURE","PI","DIF"
35353,"SB","PITTSBURGH, PA",9438,"02/02/07","10000","METROPOLITAN SAVINGS BANK",15760,14540,"FAILURE","PI","DIF"